,num,13C_sp,13C_exp,13C_comp,1H_sp,1H_exp,1H_comp
0,1,,,,1,1.56,0.77
1,1,,,,2,1.56,0.77
2,2,3,175.99,180.91,4,2.1,2.18
3,2,,,,5,2.1,2.18
4,2,,,,6,2.1,1.72
5,3,1,207.07,219.62,4,2.17,2.4
6,3,2,30.92,35.89,5,2.17,2.4
7,3,3,30.92,29.17,6,2.17,1.84
8,3,,,,7,2.17,1.89
9,3,,,,8,2.17,1.89
10,3,,,,9,2.17,2.35
11,4,1,1.89,1.46,3,2.1,1.82
12,4,2,116.43,126.55,4,2.1,1.82
13,4,,,,5,2.1,1.82
14,5,0,128.37,136.01,6,7.36,7.88
15,5,1,128.37,136.1,7,7.36,7.87
16,5,2,128.37,136.09,8,7.36,7.88
17,5,3,128.37,136.09,9,7.36,7.88
18,5,4,128.37,136.1,10,7.36,7.87
19,5,5,128.37,136.01,11,7.36,7.88
20,6,1,69.05,71.34,5,1.262,1.08
21,6,2,31.23,33.86,6,1.262,1.27
22,6,3,31.23,33.9,7,1.262,1.35
23,6,4,31.23,30.72,8,1.262,1.35
24,6,,,,9,1.262,1.27
25,6,,,,10,1.262,1.08
26,6,,,,11,1.262,1.26
27,6,,,,12,1.262,1.26
28,6,,,,13,1.262,1.06
29,6,,,,14,2.01,0.29
30,7,2,124.99,132.89,,,
31,8,2,192.83,221.21,,,
32,9,4,96.34,126.63,,,
33,10,3,77.36,93.47,4,7.26,7.12
34,11,6,70.55,74.75,18,3.67,3.62
35,11,7,70.55,74.66,19,3.67,3.5
36,11,8,70.55,74.76,20,3.67,3.49
37,11,9,70.55,74.63,21,3.67,3.63
38,11,10,70.55,74.54,22,3.67,3.63
39,11,11,70.55,74.55,23,3.67,3.49
40,11,12,70.55,74.66,24,3.67,3.63
41,11,13,70.55,74.76,25,3.67,3.49
42,11,14,70.55,74.76,26,3.67,3.61
43,11,15,70.55,74.55,27,3.67,3.5
44,11,16,70.55,74.63,28,3.67,3.5
45,11,17,70.55,74.54,29,3.67,3.62
46,11,,,,30,3.67,3.49
47,11,,,,31,3.67,3.61
48,11,,,,32,3.67,3.49
49,11,,,,33,3.67,3.63
50,11,,,,34,3.67,3.62
51,11,,,,35,3.67,3.5
52,11,,,,36,3.67,3.5
53,11,,,,37,3.67,3.62
54,11,,,,38,3.67,3.49
55,11,,,,39,3.67,3.61
56,11,,,,40,3.67,3.5
57,11,,,,41,3.67,3.61
58,12,0,26.94,29.29,6,1.43,1.64
59,12,1,26.94,29.3,7,1.43,1.18
60,12,2,26.94,29.29,8,1.43,1.64
61,12,3,26.94,29.29,9,1.43,1.18
62,12,4,26.94,29.3,10,1.43,1.18
63,12,5,26.94,29.29,11,1.43,1.64
64,12,,,,12,1.43,1.18
65,12,,,,13,1.43,1.64
66,12,,,,14,1.43,1.18
67,12,,,,15,1.43,1.64
68,12,,,,16,1.43,1.64
69,12,,,,17,1.43,1.18
70,13,2,43.5,46.97,4,3.73,3.54
71,13,3,43.5,47.06,5,3.73,3.54
72,13,,,,6,3.73,3.54
73,13,,,,7,3.73,3.54
74,14,2,53.52,61.99,3,5.3,5.22
75,14,,,,4,5.3,5.22
76,15,1,65.91,70.16,5,3.48,3.46
77,15,2,65.91,70.15,6,3.48,3.46
78,15,3,15.2,17.59,7,3.48,3.46
79,15,4,15.2,17.59,8,3.48,3.46
80,15,,,,9,1.2,1.27
81,15,,,,10,1.2,1.07
82,15,,,,11,1.2,1.27
83,15,,,,12,1.2,1.27
84,15,,,,13,1.2,1.07
85,15,,,,14,1.2,1.27
86,16,3,70.51,73.42,9,3.57,3.58
87,16,4,70.51,73.4,10,3.57,3.58
88,16,5,70.51,74.63,11,3.57,3.58
89,16,6,70.51,74.62,12,3.57,3.58
90,16,7,59.01,61.16,13,3.57,3.48
91,16,8,59.01,61.13,14,3.57,3.48
92,16,,,,15,3.57,3.48
93,16,,,,16,3.57,3.48
94,16,,,,17,3.65,3.31
95,16,,,,18,3.65,3.31
96,16,,,,19,3.65,3.7
97,16,,,,20,3.65,3.32
98,16,,,,21,3.65,3.32
99,16,,,,22,3.65,3.7
100,17,2,36.5,37.97,5,2.96,2.78
101,17,3,31.45,33.4,6,2.96,2.79
102,17,4,162.62,170.97,7,2.96,3.18
103,17,,,,8,2.88,2.89
104,17,,,,9,2.88,2.9
105,17,,,,10,2.88,2.37
106,17,,,,11,8.02,8.24
107,18,2,67.14,70.38,6,3.71,3.64
108,18,3,67.14,70.4,7,3.71,3.61
109,18,4,67.14,70.4,8,3.71,3.64
110,18,5,67.14,70.38,9,3.71,3.61
111,18,,,,10,3.71,3.61
112,18,,,,11,3.71,3.64
113,18,,,,12,3.71,3.64
114,18,,,,13,3.71,3.61
115,19,2,71.84,74.77,6,3.55,3.46
116,19,3,71.84,74.7,7,3.55,3.46
117,19,4,59.08,61.19,8,3.55,3.46
118,19,5,59.08,61.17,9,3.55,3.46
119,19,,,,10,3.4,3.69
120,19,,,,11,3.4,3.31
121,19,,,,12,3.4,3.31
122,19,,,,13,3.4,3.31
123,19,,,,14,3.4,3.31
124,19,,,,15,3.4,3.69
125,20,0,6.89,8.85,2,0.87,0.91
126,20,1,6.89,8.87,3,0.87,0.91
127,20,,,,4,0.87,0.91
128,20,,,,5,0.87,0.91
129,20,,,,6,0.87,0.91
130,20,,,,7,0.87,0.91
131,21,1,58.28,62.63,3,3.66,3.8
132,21,2,18.41,21.48,4,3.66,3.53
133,21,,,,5,1.19,1.06
134,21,,,,6,1.19,1.15
135,21,,,,7,1.19,1.33
136,21,,,,8,1.33,0.08
137,22,2,60.49,63.67,6,4.12,4.68
138,22,3,14.19,16.13,7,4.12,3.67
139,22,4,171.36,180.72,8,1.26,1.47
140,22,5,21.04,23.59,9,1.26,0.97
141,22,,,,10,1.26,1.11
142,22,,,,11,2.05,2.1
143,22,,,,12,2.05,2.11
144,22,,,,13,2.05,1.74
145,23,0,123.13,131.9,2,5.4,5.94
146,23,1,123.13,131.89,3,5.4,5.93
147,23,,,,4,5.4,5.94
148,23,,,,5,5.4,5.93
149,24,2,63.79,68.2,4,3.76,3.76
150,24,3,63.79,68.19,5,3.76,3.48
151,24,,,,6,3.76,3.48
152,24,,,,7,3.76,3.76
153,25,0,132.21,140.17,12,2.24,2.27
154,25,1,132.21,140.32,13,2.24,2.16
155,25,2,132.21,140.18,14,2.24,2.26
156,25,3,132.21,140.19,15,2.24,2.26
157,25,4,132.21,140.32,16,2.24,2.16
158,25,6,16.98,19.17,17,2.24,2.26
159,25,7,16.98,19.26,18,2.24,2.17
160,25,8,16.98,19.17,19,2.24,2.26
161,25,9,16.98,19.17,20,2.24,2.27
162,25,10,16.98,19.27,21,2.24,2.17
163,25,11,16.98,19.17,22,2.24,2.27
164,25,,,,23,2.24,2.26
165,25,,,,24,2.24,2.16
166,25,,,,25,2.24,2.27
167,25,,,,26,2.24,2.26
168,25,,,,27,2.24,2.26
169,25,,,,28,2.24,2.16
170,25,,,,29,2.24,2.27
171,26,0,31.64,34.51,6,1.27,0.9
172,26,1,31.64,34.93,7,1.27,1.53
173,26,2,22.7,27.9,8,1.27,1.17
174,26,3,22.7,25.72,9,1.27,1.49
175,26,4,14.14,16.93,10,1.27,1.28
176,26,5,14.14,14.82,11,1.27,1.25
177,26,,,,12,1.27,1.57
178,26,,,,13,1.27,1.25
179,26,,,,14,0.89,0.88
180,26,,,,15,0.89,1.17
181,26,,,,16,0.89,0.89
182,26,,,,17,0.89,0.6
183,26,,,,18,0.89,1.07
184,26,,,,19,0.89,1.15
185,27,3,1.97,2.7,9,0.07,0.01
186,27,5,1.97,2.39,10,0.07,0.2
187,27,6,1.97,2.46,11,0.07,0.23
188,27,8,1.97,2.66,15,0.07,0.16
189,27,,,,16,0.07,0.18
190,27,,,,17,0.07,-0.08
191,27,,,,18,0.07,0.18
192,27,,,,19,0.07,-0.08
193,27,,,,20,0.07,0.16
194,27,,,,24,0.07,0.2
195,27,,,,25,0.07,0.22
196,27,,,,26,0.07,0.0
197,28,5,36.87,37.45,11,2.65,3.6
198,28,6,36.87,38.09,12,2.65,2.22
199,28,7,36.87,38.02,13,2.65,2.26
200,28,8,36.87,37.48,14,2.65,2.34
201,28,9,36.87,37.03,15,2.65,3.0
202,28,10,36.87,36.98,16,2.65,2.5
203,28,,,,17,2.65,2.33
204,28,,,,18,2.65,2.49
205,28,,,,19,2.65,2.99
206,28,,,,20,2.65,2.22
207,28,,,,21,2.65,3.61
208,28,,,,22,2.65,2.26
209,28,,,,23,2.65,2.29
210,28,,,,24,2.65,2.32
211,28,,,,25,2.65,2.95
212,28,,,,26,2.65,2.29
213,28,,,,27,2.65,2.96
214,28,,,,28,2.65,2.32
215,29,,,,0,4.62,5.19
216,29,,,,1,4.62,5.19
217,30,2,122.0,121.17,6,7.1,7.34
218,30,4,122.0,134.97,8,7.1,7.38
219,30,3,135.38,141.52,7,7.67,7.74
220,31,0,-4.63,-4.96,1,0.22,0.26
221,31,,,,2,0.22,0.26
222,31,,,,3,0.22,0.26
223,31,,,,4,0.22,0.26
224,32,1,50.41,53.71,2,3.49,3.61
225,32,,,,3,3.49,3.61
226,32,,,,4,3.49,3.43
227,32,,,,5,1.09,-0.14
228,33,3,62.5,65.01,4,4.33,4.29
229,33,,,,5,4.33,4.29
230,33,,,,6,4.33,4.12
231,34,0,34.16,38.99,5,1.27,1.19
232,34,1,22.38,27.79,6,1.27,1.2
233,34,2,22.38,27.8,7,1.27,1.3
234,34,3,14.08,16.83,8,1.27,1.29
235,34,4,14.08,16.86,9,1.27,1.29
236,34,,,,10,1.27,1.3
237,34,,,,11,0.88,0.88
238,34,,,,12,0.88,1.15
239,34,,,,13,0.88,0.87
240,34,,,,14,0.88,0.88
241,34,,,,15,0.88,1.15
242,34,,,,16,0.88,0.88
243,35,0,16.37,19.77,3,1.32,1.34
244,35,1,16.63,18.17,4,1.32,1.34
245,35,2,16.63,18.17,5,0.9,0.84
246,35,,,,6,0.9,0.83
247,35,,,,7,0.9,1.18
248,35,,,,8,0.9,1.18
249,35,,,,9,0.9,0.83
250,35,,,,10,0.9,0.84
251,36,1,64.04,68.79,4,4.008,3.76
252,36,2,25.29,27.92,5,1.2,0.83
253,36,3,25.29,27.94,6,1.2,1.2
254,36,,,,7,1.2,1.47
255,36,,,,8,1.2,1.47
256,36,,,,9,1.2,1.2
257,36,,,,10,1.2,0.84
258,36,,,,11,2.16,-0.11
259,37,0,19.5,21.94,3,1.73,1.79
260,37,1,133.91,145.97,4,1.73,1.79
261,37,2,115.74,121.65,5,1.73,1.79
262,37,,,,6,5.83,6.43
263,37,,,,7,4.94,5.31
264,37,,,,8,5.03,5.48
265,38,1,135.96,145.21,7,7.29,7.69
266,38,2,123.75,130.08,8,7.29,7.69
267,38,3,123.75,130.15,6,7.68,8.17
268,38,4,149.9,158.96,9,8.62,9.04
269,38,5,149.9,158.92,10,8.62,9.04
270,39,1,117.77,123.4,5,8.4,8.16
271,39,2,117.77,123.4,6,6.83,7.11
272,39,3,107.98,113.48,7,6.83,7.11
273,39,4,107.98,113.48,8,6.26,6.6
274,39,,,,9,6.26,6.6
275,40,1,25.56,25.03,5,1.68,1.62
276,40,2,25.56,25.05,6,1.68,1.65
277,40,3,46.93,49.92,7,1.68,1.62
278,40,4,46.93,49.91,8,1.68,1.65
279,40,,,,9,2.87,2.58
280,40,,,,10,2.87,3.08
281,40,,,,11,2.87,3.08
282,40,,,,12,2.87,2.58
283,41,1,25.62,29.42,5,1.85,1.81
284,41,2,25.62,29.38,6,1.85,1.9
285,41,3,67.97,71.46,7,1.85,1.9
286,41,4,67.97,71.43,8,1.85,1.81
287,41,,,,9,3.76,3.96
288,41,,,,10,3.76,3.63
289,41,,,,11,3.76,3.96
290,41,,,,12,3.76,3.63
291,42,0,137.83,147.96,7,7.19,7.65
292,42,1,129.09,136.01,8,7.19,7.75
293,42,2,129.09,136.48,12,7.19,7.74
294,42,3,21.41,22.99,13,7.19,7.79
295,42,4,128.28,136.22,14,7.19,7.62
296,42,5,128.28,136.0,9,2.34,2.57
297,42,6,125.38,132.43,10,2.34,2.55
298,42,,,,11,2.34,2.14
299,43,1,46.46,43.74,7,2.425,2.68
300,43,2,46.46,49.3,8,2.425,2.15
301,43,3,46.46,52.36,13,0.97,0.87
302,43,4,11.78,15.19,14,0.97,1.09
303,43,5,11.78,5.57,15,0.97,1.28
304,43,6,11.78,16.2,,,
305,44,2,30.48,28.23,4,3.325,3.16
306,44,3,128.9,135.15,5,3.325,3.16
307,44,,,,6,3.325,3.16
308,45,3,136.76,145.42,7,7.047999999999999,7.21
309,45,4,136.76,145.42,8,7.047999999999999,7.21
310,45,5,164.58,174.11,,,
311,45,6,164.58,174.11,,,
312,46,2,154.11,164.47,7,2.572,2.62
313,46,3,21.53,23.53,8,2.572,2.61
314,46,4,144.85,152.13,9,2.572,2.4
315,46,5,141.9,152.55,10,8.38,8.8
316,46,6,143.9,149.87,11,8.46,8.84
317,46,,,,12,8.46,8.72
318,47,1,44.82,50.29,4,3.3110000000000004,3.06
319,47,2,140.01,153.5,5,3.3110000000000004,3.21
320,47,3,113.48,120.36,6,5.954,6.39
321,47,,,,7,1.29,0.15
322,47,,,,8,1.29,0.61
323,47,,,,9,5.051,5.29
324,47,,,,10,5.159,5.45
325,48,1,30.89,34.16,3,2.206,2.31
326,48,2,199.93,211.42,4,2.206,2.31
327,48,,,,5,2.206,1.92
328,48,,,,6,9.789,10.08
329,49,2,166.22,168.7,3,8.06,7.99
330,49,,,,4,10.99,6.26
331,50,2,43.49,45.62,3,2.624,2.33
332,50,,,,4,2.624,2.71
333,50,,,,5,2.624,2.46
334,50,,,,6,3.21,1.9
335,50,,,,7,3.21,1.79
336,50,,,,8,3.21,2.78
337,51,1,107.81,114.87,4,5.69,5.92
338,51,2,137.52,149.83,5,6.24,6.59
339,51,3,117.13,124.8,6,6.11,6.77
340,52,0,3.33,3.53,4,1.74,1.64
341,52,1,3.33,3.58,5,1.74,1.64
342,52,2,74.56,81.41,6,1.74,1.65
343,52,3,74.56,81.42,7,1.74,1.64
344,52,,,,8,1.74,1.65
345,52,,,,9,1.74,1.64
346,53,1,50.4,54.09,4,4.274,4.31
347,53,2,82.18,88.4,5,4.274,4.09
348,53,3,73.88,79.22,6,2.37,0.55
349,53,,,,7,2.481,2.43
350,54,1,25.23,27.03,4,1.98,1.67
351,54,2,26.0,26.28,5,1.3,1.45
352,54,3,19.54,22.31,6,1.75,1.28
353,54,,,,7,0.24,-1.16
354,54,,,,8,1.204,1.7
355,54,,,,9,1.204,1.72
356,54,,,,10,1.204,0.12
357,55,2,28.21,24.04,4,2.815,2.26
358,55,3,166.49,168.46,5,2.815,2.26
359,55,,,,6,2.815,4.02
360,55,,,,7,7.4,4.75
361,55,,,,8,8.158999999999999,8.31
362,56,1,42.83,46.89,4,3.102,2.82
363,56,2,26.21,31.12,5,1.071,0.78
364,56,3,26.21,26.37,6,1.071,1.24
365,56,,,,7,1.071,1.18
366,56,,,,8,1.071,1.34
367,56,,,,9,1.071,1.1
368,56,,,,10,1.071,0.69
369,56,,,,11,1.221,0.04
370,56,,,,12,1.221,0.58
371,57,1,25.89,31.39,4,1.57,1.69
372,57,2,64.25,69.84,5,1.57,1.39
373,57,3,10.28,11.31,6,3.582,3.61
374,57,,,,7,3.582,3.41
375,57,,,,8,0.94,0.73
376,57,,,,9,0.94,1.11
377,57,,,,10,0.94,0.74
378,57,,,,11,2.26,0.23
379,58,3,62.59,64.98,4,4.341,4.29
380,58,,,,5,4.341,4.29
381,58,,,,6,4.341,4.12
382,59,2,43.96,46.48,4,2.78,2.98
383,59,3,63.18,64.97,5,2.78,2.6
384,59,,,,6,3.577,3.41
385,59,,,,7,3.577,3.53
386,59,,,,8,2.76,0.03
387,59,,,,9,2.76,0.72
388,60,2,8.77,8.13,5,3.604,3.28
389,60,3,109.35,119.47,6,3.604,3.28
390,60,4,109.35,119.49,,,
391,61,2,121.88,121.17,6,7.129,7.34
392,61,4,121.88,134.97,8,7.129,7.38
393,61,3,135.35,141.52,7,7.729,7.74
394,62,0,38.01,44.24,5,2.7230000000000003,2.87
395,62,1,136.46,149.01,6,2.7230000000000003,2.88
396,62,2,136.46,149.05,7,5.71,6.16
397,62,3,115.47,122.51,8,5.71,6.16
398,62,4,115.47,122.5,9,4.92,5.38
399,62,,,,12,4.92,5.54
400,62,,,,10,4.95,5.54
401,62,,,,11,4.95,5.38
402,63,0,22.98,25.79,5,1.82,1.98
403,63,1,32.59,35.19,6,1.82,1.73
404,63,2,32.59,35.18,7,2.3,2.36
405,63,3,130.77,140.24,8,2.3,2.35
406,63,4,130.77,140.24,9,2.3,2.35
407,63,,,,10,2.3,2.35
408,63,,,,11,5.73,6.2
409,63,,,,12,5.73,6.2
410,64,1,19.87,22.92,5,2.721,2.56
411,64,2,19.98,21.91,6,1.331,1.2
412,64,3,19.98,21.96,7,1.331,1.15
413,64,4,123.83,133.22,8,1.331,1.49
414,64,,,,9,1.331,1.5
415,64,,,,10,1.331,1.15
416,64,,,,11,1.331,1.21
417,65,1,22.68,25.31,5,2.449,2.23
418,65,2,60.79,64.55,6,2.449,2.41
419,65,3,81.4,88.38,7,3.725,3.69
420,65,4,70.11,75.93,8,3.725,3.61
421,65,,,,9,3.48,1.29
422,65,,,,10,2.077,2.0
423,66,1,154.32,168.5,5,6.88,7.44
424,66,2,18.61,21.17,6,2.032,2.05
425,66,3,134.61,139.91,7,2.032,2.05
426,66,4,194.04,204.35,8,2.032,2.07
427,66,,,,9,6.145,6.4
428,66,,,,10,9.497,9.83
429,67,1,57.86,62.2,5,4.533,4.28
430,67,2,24.16,27.94,6,1.471,1.3
431,67,3,86.03,91.79,7,1.471,1.45
432,67,4,72.12,77.63,8,1.471,1.55
433,67,,,,9,3.0,0.6
434,67,,,,10,2.469,2.42
435,68,1,75.42,79.6,5,4.636,4.75
436,68,2,75.42,79.6,6,4.636,4.75
437,68,3,126.34,135.16,7,4.636,4.75
438,68,4,126.34,135.16,8,4.636,4.75
439,68,,,,9,5.885,6.27
440,68,,,,10,5.885,6.27
441,69,1,29.28,31.34,5,2.61,2.71
442,69,2,69.58,72.27,6,2.61,2.53
443,69,3,99.54,103.79,7,4.3,4.5
444,69,4,145.99,156.05,8,4.3,4.17
445,69,,,,9,4.9510000000000005,5.21
446,69,,,,10,6.321000000000001,6.61
447,70,1,26.32,33.75,5,2.286,2.39
448,70,2,198.82,206.55,6,2.286,2.39
449,70,3,137.49,140.04,7,2.286,1.98
450,70,4,128.96,137.82,8,6.297999999999999,6.94
451,70,,,,9,5.908,6.1
452,70,,,,10,6.211,6.98
453,71,1,74.61,78.61,5,4.125,4.14
454,71,2,14.22,16.7,6,4.125,4.14
455,71,3,90.85,95.45,7,1.388,1.35
456,71,4,26.51,26.67,8,1.388,1.11
457,71,,,,9,1.388,1.35
458,71,,,,10,1.53,1.37
459,72,0,26.05,29.76,5,1.51,1.33
460,72,1,26.05,25.33,6,1.51,1.74
461,72,2,26.05,30.92,7,1.51,1.52
462,72,3,26.05,25.5,8,1.51,1.67
463,72,4,26.05,29.95,9,1.51,1.72
464,72,,,,10,1.51,1.26
465,72,,,,11,1.51,1.51
466,72,,,,12,1.51,1.68
467,72,,,,13,1.51,1.74
468,72,,,,14,1.51,1.32
469,73,0,30.75,35.86,5,2.015,2.26
470,73,1,147.7,161.68,6,2.015,2.02
471,73,2,12.41,15.58,7,1.031,1.17
472,73,3,22.44,23.02,8,1.031,0.69
473,73,4,108.57,115.06,9,1.031,1.32
474,73,,,,10,1.7280000000000002,2.01
475,73,,,,11,1.7280000000000002,1.86
476,73,,,,12,1.7280000000000002,1.5
477,73,,,,13,4.67,5.05
478,73,,,,14,4.67,4.98
479,74,0,22.26,27.75,5,1.43,1.49
480,74,1,36.09,41.52,6,1.43,1.2
481,74,2,13.66,16.7,7,2.02,2.01
482,74,3,139.0,151.51,8,2.02,2.05
483,74,4,114.39,120.35,9,0.91,1.18
484,74,,,,10,0.91,0.88
485,74,,,,11,0.91,0.91
486,74,,,,12,5.81,6.39
487,74,,,,13,4.93,5.27
488,74,,,,14,4.97,5.45
489,75,0,20.25,23.53,5,2.05,2.51
490,75,1,132.57,140.66,6,2.05,1.71
491,75,2,14.16,16.63,7,5.38,5.81
492,75,3,123.13,131.99,8,0.96,1.17
493,75,4,12.59,14.46,9,0.96,0.72
494,75,,,,11,5.4,5.83
495,75,,,,12,1.599,1.43
496,75,,,,13,1.599,1.44
497,75,,,,14,1.599,2.12
498,76,0,25.8,26.73,5,1.985,1.99
499,76,1,133.35,141.0,6,1.985,1.99
500,76,2,14.01,12.07,7,5.45,6.22
501,76,3,123.75,130.76,8,0.958,1.12
502,76,4,17.9,20.58,9,0.958,1.02
503,76,,,,10,0.958,1.02
504,76,,,,11,5.41,5.86
505,76,,,,12,1.6369999999999998,1.71
506,76,,,,13,1.6369999999999998,1.7
507,76,,,,14,1.6369999999999998,1.74
508,77,0,132.08,142.12,5,5.19,5.59
509,77,1,118.65,126.72,6,1.6,1.36
510,77,2,25.67,18.52,7,1.6,1.36
511,77,3,17.31,28.1,8,1.6,2.31
512,77,4,13.43,15.39,9,1.68,1.78
513,77,,,,10,1.68,1.7
514,77,,,,11,1.68,1.7
515,77,,,,12,1.56,1.44
516,77,,,,13,1.56,1.44
517,77,,,,14,1.56,2.02
518,78,2,59.08,60.11,5,4.208,3.87
519,78,3,57.95,60.53,6,4.208,4.42
520,78,4,116.22,125.1,7,3.477,3.73
521,78,,,,8,3.477,3.12
522,78,,,,9,3.477,3.72
523,79,1,28.17,31.66,6,1.34,1.39
524,79,2,32.53,37.82,7,1.34,1.22
525,79,3,22.66,25.72,8,1.558,1.7
526,79,4,62.68,67.89,9,1.558,1.49
527,79,5,14.09,17.14,10,1.32,1.35
528,79,,,,11,1.32,1.1
529,79,,,,12,3.596,3.51
530,79,,,,13,3.596,3.7
531,79,,,,14,0.91,0.8
532,79,,,,15,0.91,1.16
533,79,,,,16,0.91,0.82
534,80,2,57.43,63.12,5,3.849,3.94
535,80,3,21.36,23.14,6,3.849,3.73
536,80,4,118.89,126.07,7,2.612,2.51
537,80,,,,8,2.612,2.29
538,80,,,,9,3.44,0.73
539,81,2,128.14,135.49,5,6.14,6.36
540,81,3,171.95,174.0,6,6.52,6.53
541,81,4,133.15,142.91,7,5.96,7.01
542,81,,,,8,12.0,6.01
543,82,1,36.87,39.01,5,2.449,2.64
544,82,2,209.28,220.48,6,2.449,2.41
545,82,3,7.87,9.03,7,1.058,0.89
546,82,4,29.43,31.88,8,1.058,0.78
547,82,,,,9,1.058,1.09
548,82,,,,10,2.139,2.15
549,82,,,,11,2.139,1.84
550,82,,,,12,2.139,2.39
551,83,1,53.4,54.74,5,2.887,2.72
552,83,2,46.75,47.64,6,2.733,2.68
553,83,3,25.59,30.34,7,2.475,2.39
554,83,4,9.76,13.34,8,1.569,1.9
555,83,,,,9,1.569,0.83
556,83,,,,10,1.012,1.01
557,83,,,,11,1.012,1.11
558,83,,,,12,1.012,1.2
559,84,1,15.69,17.87,5,1.64,1.5
560,84,2,45.82,50.82,6,1.64,1.48
561,84,3,13.71,15.07,7,2.37,2.52
562,84,4,202.8,213.4,8,2.37,2.55
563,84,,,,9,0.97,0.79
564,84,,,,10,0.97,1.2
565,84,,,,11,0.97,0.77
566,84,,,,12,9.764,10.18
567,85,1,41.07,45.8,5,2.39,2.37
568,85,2,15.48,15.92,6,1.06,0.74
569,85,3,15.48,17.45,7,1.06,0.84
570,85,4,204.86,216.34,8,1.06,1.32
571,85,,,,9,1.06,1.69
572,85,,,,10,1.06,1.31
573,85,,,,11,1.06,0.62
574,85,,,,12,9.57,10.06
575,86,1,145.05,159.83,5,3.991,4.21
576,86,2,66.52,72.86,6,3.991,3.94
577,86,3,19.14,21.47,7,1.725,2.29
578,86,4,109.81,118.77,8,1.725,1.83
579,86,,,,9,1.725,1.67
580,86,,,,10,4.832,5.23
581,86,,,,11,4.96,5.19
582,86,,,,12,3.35,0.08
583,87,1,63.63,70.82,5,3.74,3.79
584,87,2,14.57,16.82,6,3.74,3.79
585,87,3,151.93,162.14,7,1.27,1.32
586,87,4,86.37,90.86,8,1.27,1.07
587,87,,,,9,1.27,1.32
588,87,,,,10,6.46,6.78
589,87,,,,11,3.96,4.19
590,87,,,,12,4.17,4.56
591,88,1,37.11,44.0,5,2.318,2.48
592,88,2,61.61,67.64,6,2.318,2.19
593,88,3,135.02,145.06,7,3.654,3.79
594,88,4,117.21,124.05,8,3.654,3.31
595,88,,,,9,5.81,6.22
596,88,,,,10,2.76,0.27
597,88,,,,11,5.1,5.41
598,88,,,,12,5.13,5.6
599,89,1,160.89,170.28,5,1.82,2.01
600,89,2,20.79,12.79,6,1.82,2.01
601,89,3,54.7,56.51,7,1.82,2.0
602,89,4,80.73,88.29,8,3.532,3.65
603,89,,,,9,3.532,3.57
604,89,,,,10,3.532,3.58
605,89,,,,11,3.85,4.39
606,89,,,,12,3.85,4.06
607,90,0,30.02,33.32,5,1.4469999999999998,1.35
608,90,1,31.87,35.02,6,1.2,0.88
609,90,2,11.83,21.97,7,1.2,1.48
610,90,3,22.32,26.52,8,0.8690000000000001,0.97
611,90,,,,9,0.8690000000000001,0.33
612,90,,,,10,0.8690000000000001,1.39
613,90,,,,14,0.865,1.11
614,90,,,,15,0.865,1.07
615,90,,,,16,0.865,0.67
616,91,2,16.39,18.62,4,2.596,2.63
617,91,3,113.3,125.31,5,2.596,2.64
618,91,,,,6,2.596,1.83
619,92,2,36.43,37.64,5,2.97,2.68
620,92,3,31.3,30.4,6,2.97,2.68
621,92,4,162.6,169.9,7,2.97,3.22
622,92,,,,8,2.883,4.2
623,92,,,,9,2.883,2.15
624,92,,,,10,2.883,2.15
625,92,,,,11,8.019,8.15
626,93,2,155.51,165.48,5,1.89,2.08
627,93,3,21.67,16.67,6,1.89,1.47
628,93,4,15.0,24.47,7,1.89,2.04
629,93,,,,8,1.9,1.85
630,93,,,,9,1.9,1.86
631,93,,,,10,1.9,1.86
632,93,,,,11,9.3,6.04
633,94,2,28.95,29.56,5,2.2430000000000003,2.23
634,94,3,9.76,9.65,6,2.2430000000000003,2.23
635,94,4,177.68,182.24,7,1.153,1.07
636,94,,,,8,1.153,0.8
637,94,,,,9,1.153,1.05
638,94,,,,10,6.2,4.9
639,94,,,,11,6.2,4.65
640,95,2,36.87,35.79,5,3.32,2.59
641,95,3,16.77,17.49,6,3.32,3.82
642,95,4,164.92,168.83,7,1.173,0.93
643,95,,,,8,1.173,0.95
644,95,,,,9,1.173,1.35
645,95,,,,10,6.6,5.2
646,95,,,,11,8.13,8.34
647,96,1,48.55,52.84,5,2.795,2.41
648,96,2,32.95,37.82,6,1.36,0.85
649,96,3,23.5,26.45,7,1.36,1.56
650,96,4,10.68,13.23,8,1.053,1.37
651,96,,,,9,1.053,1.09
652,96,,,,10,1.053,0.75
653,96,,,,11,0.92,1.14
654,96,,,,12,0.92,1.1
655,96,,,,13,0.92,0.66
656,96,,,,14,1.25,-0.59
657,96,,,,15,1.25,1.19
658,97,1,47.39,49.04,5,1.149,1.09
659,97,2,32.58,37.2,6,1.149,1.29
660,97,3,32.58,32.75,7,1.149,1.09
661,97,4,32.58,32.77,8,1.149,1.16
662,97,,,,9,1.149,1.07
663,97,,,,10,1.149,0.99
664,97,,,,11,1.149,1.16
665,97,,,,12,1.149,0.99
666,97,,,,13,1.149,1.07
667,97,,,,14,1.41,0.42
668,97,,,,15,1.41,0.42
669,98,1,53.63,56.38,5,2.317,2.54
670,98,2,12.97,15.84,6,2.317,1.75
671,98,3,45.11,43.79,7,1.064,0.91
672,98,4,45.11,49.72,8,1.064,1.04
673,98,,,,9,1.064,1.23
674,98,,,,10,2.219,1.31
675,98,,,,11,2.219,2.24
676,98,,,,12,2.219,2.7
677,98,,,,13,2.219,2.4
678,98,,,,14,2.219,2.4
679,98,,,,15,2.219,1.81
680,99,3,32.75,35.06,5,3.804,2.68
681,99,4,40.55,42.17,6,3.804,3.04
682,99,,,,7,3.804,3.04
683,99,,,,8,3.077,4.68
684,99,,,,9,3.077,3.46
685,99,,,,10,3.077,3.46
686,100,3,171.23,179.97,5,1.976,1.88
687,100,4,20.8,22.49,6,1.976,1.88
688,100,,,,7,1.976,1.48
689,100,,,,8,7.95,6.2
690,100,,,,9,3.97,3.02
691,100,,,,10,3.97,3.0
